Şirket Adı,Adres,Numara,Web Sitesi,Mail,Durum,Notlar
İnnova,ODTÜ Teknokent,(312) 201 70 00,https://www.innova.com.tr/home,isealim@innova.com.tr,,
A2 labs,bilkent,0850 885 20 30,http://a2labs.com.tr/,info@a2.tc,,
ARD Bilişim,Koç Kuleleri / Hacettepe Teknokent,312 299 25 95 ,https://www.ardbilisim.com.tr/, info@ardgrup.com.tr,,
YD Yazılım,ODTÜ Teknokent,3122101764,https://www.ydyazilim.com/tr,info@ydyazilim.com,,
VLmedia,ODTÜ Teknokent,3122101777,https://www.vlmedia.com.tr/career,info@vlmedia.com.tr,,
Adhoc Tenknoloji,Bilkent,,https://www.adhocteknoloji.com.tr/,career@adhocteknoloji.com,,
Visratek,ODTÜ Teknokent,3129633970,https://www.visratek.com/en/,info@visratek.com,,DRONE
AGM Lab,Bİlkent,0 312 265 01 71,https://www.agmlab.com/,info@agmlab.com,,
AI Studio,Gazi,,https://aistudio.com.tr/,info@aistudio.com.tr,,
AltoSec,Bilkent,0312 265 08 07,https://www.altosec.com/,info@altosec.com,,
1if yazılım,Gazi,,https://www.1if.com.tr/,info@1if.com.tr,,
Anser Yazılım,Bilkent,0 312 265 0829,https://www.anser.com.tr/,info@anser.com.tr,,
ApplyCoder,Bilkent,"
0 553 728 7665",https://applycoder.com/,"
info@applycoder.com",,
ArkSigner,Bilkent,0312 484 79 33,https://www.arksigner.com/,"
destek@arksigner.com",,
ARMS Elektronik Savunma,Bilkent,0 800 123 4567,https://elektroniksavunma.com/,info@elektroniksavunma.com,,
BenimPOS,Gazi Teknokent,,https://www.benimpos.com/,bilgi@benimpos.com,,
BarkaTech,Bilkent,0 312 265 0706,https://www.barakatech.com/,info@barakatech.com,,
BaşarıMobile,Bilkent,0 (312) 265 01 40,www.basarimobile.com,info@basarimobile.com,,
Certificatum,Gazi Teknokent,,https://certificatum.com.tr/,iletisim @certificatum.com.tr,,
Cuda Tech,Gazi Teknokent,5305406145,https://www.cudatech.com.tr/,iletisim@cudatech.com.tr,,
BaşarıTeknoloji,Bilkent,0 (312) 841 62 62, www.basariteknoloji.com.tr,teknoloji@basari.com.tr,,
Bilge Adam Teknoloji,Bilkent,444 33 30,https://www.bilgeadam.com/,,,
Bilişim,Bilkent,0 312 266 11 44,bilisim.com.tr,"bilisim@bilisim.com.tr
ik@bilisim.com.tr
",,
NanoTam,Bilkent,0 312 290 19 66,nanotam.bilkent.edu.t,nanotam@bilkent.edu.tr,,
Us Arge Yazılım,Gazi Teknokent,0 312 484 86 87,https://usyazilim.com/,info@usyazilim.com,,
BilTen,Bilkent,0 312 485 25 10,bilten.com.tr/,bilgi@bilten.com.tr,,
,,,,,,
BKMobil,Bİlkent,(+90) 312 2650003,https://www.bktomorrow.com/,info@bktomorrow.com,,
Ctech(Drone),Bilkent,"0 850 480 77 44
0 216 290 52 86
0 216 290 52 88",https://ctech.com.tr/,"infoctech@ctech.com.tr
",,DRONE
,,,,,,
Tektronik,Bilkent,0 312 437 30 00,https://www.tektronik.com.tr/iletisim,info@tektronik.com.tr,,
CodeBase,Bilkent,90 (312) 265-0021,www.codebase.com.tr,info@codebase.com.tr,,
CreaSaur,Bilkent,,https://creasaur.net/,TalepForm,,
Tractus,Bilkent,,https://www.tractus.com.tr/tr/,https://www.tractus.com.tr/tr/kariyer/,,
PrimeTek,Bİlkent,0 312 2650507,https://www.primetek.com.tr/,contact@primetek.com.tr,,
Simsoft,,,https://www.simsoft.com.tr/tr,info@simsoft.com.tr,,
Dakik Yazılım,Bilkent,(506) 102 5508,https://www.dakikyazilim.com/,info@dakikyazilim.com,,
Smartict,Bilkent,,https://www.smartict.com.tr/,info@smartict.com.tr,,
DataMEd,Bilkent,90 312 266 00 08,https://www.datamed.com.tr/,info@datamed.com.tr,,
DataTeam,Bilkent,0 312 227 52 22,https://datateam.com.tr/,info@datateam.com.tr,,
T2,Bilkent,,https://www.t2.com.tr/,info@t2.com.tr,,
EkinoksSoftware,Bilkent,90 312 265 01 62 / 97 / 98,https://ekinokssoftware.com/,info@ekinokssoftware.com,,
Erelbim,Bilkent,0 (850) 988 02 00,https://erelbim.com.tr/,info@erelbim.com.tr,,
Rocksoft,Bilkent,tel:05423164478,https://www.rocksoft.com.tr/,info@rocksoft.com.tr,,
Selvi Technology,Bilkent,0 535 662 90 85,https://www.selvitechnology.com/,https://www.selvitechnology.com/iletisim,,
ErsteYazılım,Bilkent,0 312 266 0199,https://www.ersteyazilim.com/,info@ersteyazilim.com,,
OpenZeka,Bilkent,0 312 266 2055,https://openzeka.com/,destek@openzeka.com,,
Eşkom,Bilkent,0 (312) 265-0361 & 0360,https://www.eskom.com.tr/,"bilkent@eskom.com.tr
",,
Oska Yazılım,Bilkent,0850 532 67 52,https://www.oska.com.tr/,oska@oska.com.tr,,
Otonom Teknoloji,,tel:+903122101188,https://www.otonomteknoloji.com/,info@otonomteknoloji.com,,DRONE
Etiya,Bilkent,0 312 2650150,https://www.etiya.com/,https://www.etiya.com/tr/bize-ulasin,,
fabricATE,Bilkent,	+90 312 266 44 64,https://www.fabric-ate.com/,"        info@fabric-ate.com
www.fabric-ate.com/careers/ (Stajyer Carrier)",,
Pleksus,Bilkent,312 427 26 08,https://www.pleksus.com.tr/,info@pleksus.com.tr,,
FdnSoft(E nabız),Bilkent,90 (312) 439 0801,https://www.fdnsoft.com/,info@fdnsoft.com,,
Mobiliz,Bilkent,0 312 219 7025,https://mobiliz.com.tr/,https://mobiliz.com.tr/iletisim/,,
GelişimPark,Bilkent,0 (312) 265 07 70,https://www.gelisimpark.com.tr/,bilgi@gelisimpark.com.tr,,
Infina,Bilkent,90 312 2650509,infinia.com.tr,info@infinia.com.tr,,
Mobiltrust,Bilkent,0 312 473 31 41,https://www.mobiltrust.com/tr/,info-mts@mobiltrust.com,,
NetCad,Bilkent,0 312 265 05 10,https://www.netcad.com/,bilgi@netcad.com,,
Maarifa,Bilkent,0 312 266 06 83,https://www.maarifa.com.tr/,info@maarifa.com.tr,,
Meteksan,Bilkent,0 312 266 15 20,https://www.meteksan.com/,info@meteksan.com,,
Milpower,Bilkent,312 265 0800,https://www.milpower.com.tr/,info@milpower.com.tr,,
GesisLab,Hacettepe, (312) 666-05-14, http://www.gesislab.com,info@gesislab.com,,
Limak,Bilkent,0 3129507777,https://www.limakteknoloji.com/,info@limakteknoloji.com,,
Polar Teknoloji,Hacettepe, (312) 285-27-37, http://www.polarteknoloji.com,"polar@polarteknoloji.com
bdpolar@gmail.com",,
Adeo,Hacettepe,0 (312) 482 12 35,https://adeosecurity.com/tr,info@adeosecurity.com,,
GlobeTech,Hacettepe,0312 999 78 94,https://www.globetech.com.tr/index.html,info@globetech.com.tr,,DRONE
RST Teknoloji,Hacettepe,"90 (312) 287 01 15 
 90 (312) 287 01 18",https://rstteknoloji.com.tr/,info@rstteknoloji.com.tr,,
Softplus,Hacettepe,(312) 220 06 14,https://www.softplus.com.tr/,info@softplus.com.tr,,
AnteGrup,Hacettepe,0 (312) 285 26 83,https://www.antegrup.com.tr/tr/,info@antegrup.com.tr,,
Amazoi Software,Hacettepe,,https://www.amazoisoftware.com/,"https://www.amazoisoftware.com/kariyer
info@amazoisoftware.com",,
Ard Bilişim,Hacettepe,"( 90) 444 8 273 (ARD)
 (90) 312 299 25 95 PBX",https://www.ardbilisim.com.tr/," info@ardgrup.com.tr
 ik@ardgrup.com.tr",,
Ehsim,Hacettepe,0 312 210 18 20,https://www.ehsim.com.tr/,ehsim@ehsim.com.tr,,
,,,,,,
Antiventi,Hacettepe,"
+90 (850) 227 72 70",https://aniventi.com/,"
info@aniventi.com",,
Belsis,Hacettepe,"90 850 840 25 77
90 312 473 44 47",https://www.belsis.com.tr/,belsis@belsis.com.tr,,
BioSoft,Hacettepe,90 (312) 220 1 220,www.hacettepeteknokent.com.tr, info@bisoft.com.tr,,
DataFlowX,Hacettepe,90 850 888 60 91,www.dataflowx.com,info@dataflowx.com,,
Ekon Teknoloji,Hacettepe,,https://ekonteknoloji.com/,"
info@ekonteknoloji.com",,
Etgi Group,Hacettepe,90 312 344 8883,https://etgigrup.com/,bilgi@etgigrup.com,,
Fonet,Hacettepe,(312) 438-59-19,https://www.fonetbt.com/,ik@fonetbt.com,,
Forte,Hacettepe,"0312 473 40 83
 0850 809 48 87",https://www.forte.com.tr/," info@forte.com.tr
 ir@forte.com.tr",,
HighTech,Hacettepe,(312) 299-25-95,https://www.hacettepeteknokent.com.tr/,info@hightechs.com.tr,,
Infoline,Hacettepe,90 312 440 02 50,https://infoline-tr.com/,info@infoline-tr.com,,
LOGO,Hacettepe,0 262 679 8000,https://www.logo.com.tr/,iletisim@logo.com.tr,,
Numesys,Hacettepe,,https://kariyer.numesys.com.tr/,https://kariyer.numesys.com.tr/profesyoneller-icin/#basvuru,,
SmartMassage,Hacettepe,,https://smartmessage.com/,https://smartmessage.com/contact-us/,,
Proven,Hacettepe,90 312 999 5650,https://www.proven.technology/,"info@proven.com.tr
info@proven.technology",,
Pidata,Hacettepe,0 312 284 84 60 - PBX,https://pidata.com.tr/,info@pidata.com.tr,,
Vega Yazılım,Hacettepe,"0850 346 94 94
0212 266 18 81",https://vegayazilim.com.tr/,info@vegayazilim.com.tr,,
Akdoğan tech,Ankara Teknokent,0 312 514 1661,https://akdogan.tech/,info@akdogan.tech,,
Z-sistem,Teknopark,90(312) 299 2619,https://www.z-sistem.com/,bilgi@z-sistem.com,,
IVEO Elektronik,Ankara Teknokent,0 312 484 00 90,https://www.iveoelectronics.com/home,https://www.iveoelectronics.com/intern-application,,
Özgür Entegrasyon,Ankara Teknokent,0 312 356 04 03,https://ozgurentegrasyon.com/index.html,info@ozgurentegrasyon.com,,
İhaTek (Drone),Teknopark,0312 283 74 60,https://ihatek.com.tr/,"https://ihatek.com.tr/iletisim/
info@ihatek.com.tr",,
RAS Robotic,Ankara Teknokent,0 (312) 227 80 65,https://ras-technology.com/,info@ras-technology.com,,DRONE
CyberLine,Teknopark,90 850 304 73 12,https://www.cyberline.com.tr/,info@cyberline.com.tr,,
Bistek Yazılım,Teknopark,0312 577 10 85,https://www.bistek.net/,"info@bistek.net
destek@bistek.net",,
Lapis Havacılık,Teknopark,0 312 511 46 13,https://www.lapisteknoloji.com/v1/default.asp,info@lapisteknoloji.com,,DRONE
Elma Bilgisayar,Teknopark,,https://elmabilgisayar.com/,info@elmabilgisayar.com,,
Kalemzen,Teknopark,,https://kalemzen.com.tr/,Talep Form,,
Securify Identify,Teknopark,0 850 5325564,https://www.securifyidentity.com/tr,info@securifyidentity.com,,
SwordSec,Teknopark,0 (850) 532 7769,https://swordsec.com/tr/,info@swordsec.com,,
Oxit Bilişim,Teknopark,0850 346 34 62,https://www.oxit.com.tr/,info@oxit.com.tr,,
Epsilon Composite,Osb,(312) 640 13 77,https://epsiloncomposite.com/careers.html,Talep Form,,
BMS Deffence,Osb,(312) 640 13 77,https://bmsdefence.com/,info@bmsdefence.com,,
KaracaTek,Teknopark,,https://www.karacatek.com/,info@karacatek.com,,
EnCode,Teknopark,,https://www.encodecompany.com/,info@encodecompany.com,,
,,,,,,
HERA arge teknoloji,Teknopark,90 530 435 63 46,https://www.heraweb.com.tr/,info@heraweb.com,,
Pagate,Teknopark,0 850 441 16 12,https://www.pagate.com.tr/,https://www.pagate.com.tr/,,
BombusAİ,Teknopark,"90 (506) 300 6551
",https://bombusai.com/,"info@bombusai.com
",,
Endorfyn,Teknopark,,http://www.endorfyn.com/, info@endorfyn.com,,
Fiyator,Teknopark,0312 911 77 92,https://fiyator.com/,info@fiyator.com,,
TCDD,Teknopark,903122270219,https://www.tcddteknik.com.tr/,info@tcddteknik.com.tr,,
BellaBinary,Teknopark,,http://www.bellabinary.com,info@bellabinary.com,,
FutureCode,Teknopark,0312 970 20 85,https://futurecode.com.tr/,info@futurecode.com.tr,,
Solofor Teknoloji,Teknopark,90 530 957 42 42,https://solofor.com/,info@solofor.com,,
Baytmap,Teknopark,90 312 219 82 52,http://www.baytmap.com/,bayt@baytmap.com,,
Playinfitiygames,Teknopark,,https://playfinitygames.com/,"info@playfinitygames.com
",,
siguntech,Teknopark,90 312 989 24 67,https://siguntech.tr/tr,info@siguntech.tr,,
tytovision,Teknopark,90 545 833 89 62,https://www.tytovision.com/,info@tytovision.com,,
Vitalen Holding,Teknopark,90 312 385 99 55,https://vitalen.com.tr, info@vitalen.com.tr,,
Airobos(DRONE),Teknopark,(90) 850-840-2646,https://airobos.com.tr/,info@airobos.com.tr,,DRONE
Finrend,Teknopark,,https://www.finrend.com/,https://www.finrend.com/support,,
Wncc,Teknopark,"
012 345 67890",https://wncc.com.tr/,info@wncc.com.tr,,
DivvyDrive,Teknopark,90 (312) 287 70 01,https://divvydrive.com/web/, info@divvydrive.com,,
CDK savunma,Teknopark,90 (312) 255 77 00,https://www.cdksavunma.com/tr, info@cdksavunma.com,,
ucanble,Teknopark,,https://ucanble.com/,info@ucanble.com,,
Kambilgi,Teknopark,"90 312 911 44 55
0 541 629 44 45",https://kambilgi.com.tr/,"destek@kambilgi.com.tr
https://kambilgi.com.tr/iletisim",,
Lieva,Teknopark,90 507 320 2072,https://lieva.com.tr/,"info@lieva.com.tr
TALEP FORM",,
Mavvo,Teknopark,0850 885 06 36,https://mavvo.com.tr/#,merhaba@mavvo.com.tr,,
argetek,Teknopark,,http://www.argetek.ai/,bilgi@argetek.ai,,
Hetabil,Teknopark,90 312 911 12 57,https://hetabil.com/anasayfa,info@hetabil.com,,
PlayerOnes,Teknopark,,https://playerones.com/,info@playerones.com,,
MetalWorm,Teknopark,90 542 131 68 83,https://www.metalworm.com/,info@metalworm.com,,
Hexmicrochip,Teknopark,90-312-486-1158,https://www.hexmicrochip.com/,"info@hexmicrochip.com
https://www.hexmicrochip.com/",,ATATÜRKÇÜ
Hullan,Teknopark,90 312 911 34 88,https://www.hullan.com/,info@hullan.com,,
Zyrone,Teknopark,90 312 511 2060,https://zyrone.com/#about,https://docs.google.com/forms/d/e/1FAIpQLSej1MIQ98lxU4cVEeclbnVvhYdR9l0hqeRqNkT93utrCUatxg/viewform,,DRONE
Super Code,Teknopark,0 (312) 395 55 89,https://supercode.com.tr/,info@supercode.com.tr,,
MVS,Teknopark,0 (312) 911 96 87,https://www.mvs.com.tr/AnaSayfa/,mail@mvs.com.tr,,
Ortamor,Teknopark,0 (312) 923 24 25,https://ortamor.com/,info@ortamor.com,,
Data Prime,Teknopark,90 530 066 82 04,https://www.dataprime.com.tr/,info@dataprime.com.tr,,
Milko,Teknopark,0 312 395 6875,https://milko.com.tr/index.html,info@milko.com.tr,,
Quanimo,Teknopark,90 (505) 502 56 82,https://www.quanimo.com/,info@quanimo.com,,
DTS Pro Teknoloji,Teknopark,0 535 301 36 20,https://dtsteknoloji.com/index.html,info@dtsproteknoloji.com,,
Yiva,Teknopark,0312 511 95 92,https://www.yivatechnology.com/,info@yivatechnology.com,,
Runic Bytes,Teknopark,90 850 441 81 10,https://runicbytes.com/,info@runicbytes.com,,
Tuya,Teknopark,,https://tuyateknoloji.com/,info@tuyateknoloji.com,,
Pergo,Teknopark,0 312 995 07 74,https://www.pergo.com.tr/,info@pergo.com.tr,,
ERP12,Teknopark,(0850) 302 03 04,https://www.erp12.com.tr/,info@12yazilim.com,,
Abiba Soft,Teknopark,0 850 840 76 91,https://www.abibasoft.com/tr/,info@abibasoft.com,,
Abis,ODTÜ,0 (352) 380 00 10,https://www.abisteknoloji.com.tr/,info@abisteknoloji.com.tr,,
ACRuxco,ODTÜ,0 (312) 552 25 27,https://acruxco.com/index.html,info@acruxco.com,,
Argedor,ODTÜ,0 312 210 15 35,https://www.argedor.com/index.html,info@argedor.com,,
Armongate,ODTÜ,0(850) 202 06 06,https://www.armongate.com/,info@armongate.com,,
Arpanet,ODTÜ,0 (312) 502 05 42,https://arpanet.com.tr/,info@arpanet.com.tr,,
Arvento,ODTÜ,444 777 5,https://arvento.com/,info@arvento.com,,
Asisguard,ODTÜ,0 850 577 27 47,https://www.asisguard.com.tr/,ik@asisguard.com.tr,,
Aurvis,ODTÜ,0) 505 640 25 34,https://www.aurvis.com/,info@aurvis.com,,
Beam,ODTÜ,0 (312) 210-1224,https://beamteknoloji.com/,contact@beamteknoloji.com,,
BİAS,ODTÜ,,https://bias.com.tr/,staj@bias.com.tr,,
Data Boss,ODTÜ,0 312 265 06 14,https://www.data-boss.com.tr/,info@data-boss.com.tr,,
Dia,ODTÜ,,https://www.dia.com.tr/,ik@dia.com.tr,,
Electraic,ODTÜ,,https://www.electraic.com/,careers@electraic.com,,
Solarvis,ODTÜ,,https://www.solarvis.co/tr,career@solarvis.co,,
Esensi,ODTÜ,,https://www.esensi.com.tr/tr,ik@esensi.com.tr,,
Fame Crypt,ODTÜ,0 538 973 33 83,https://famecrypt.com.tr/,info@famecrypt.com.tr,,
GCLAB,ODTÜ,,https://gclabmuhendislik.com/,ik@gclabmuhendislik.com,,
İnfoSoft,ODTÜ,0 (312) 418 94 15,https://www.infosoft.com.tr/,bilgi@infosoft.com.tr,,
İnvicta,ODTÜ,0 312 988 11 55,https://invicta.com.tr/,info@invicta.com.tr,,
İsomer,ODTÜ,,https://www.isomer.com.tr/tr/index.php,https://www.isomer.com.tr/tr/form-basvuru.php,,
Koç Savunma,ODTÜ,0 (312) 218 89 00,https://www.kocsavunma.com/index.html,info@kocsavunma.com.tr,,
Kua Soft,ODTÜ,0 312 210 10 96,https://www.kuasoft.com/,info@kuasoft.com,,
Labris Networks,ODTÜ,0) 312 210 1490 (PBX),https://labrisnetworks.com/,info@labrisnetworks.com,,
Lima TEk,ODTÜ,0 312 287 76 73,https://www.limatek.com.tr/,info@limatek.com.tr,,
Mantis,ODTÜ,0 (312) 299 25 05,https://mantis.com.tr/tr/anasayfa,bilgi@mantis.com.tr,, 
May Siber,ODTÜ,0 312 227 05 09,https://www.maysiber.com/,info@maysiber.com,,
Nano Sis,ODTÜ,0 312 299 2171,https://www.nano-sis.com.tr/,info@nano-sis.com.tr,,
TechNarts,ODTÜ,,https://technarts.com/,https://technarts.com/career/internship,,
Ordulu,ODTÜ,,https://www.ordulu.com/,https://www.ordulu.com/Internship-Application,,
PS Teknik,ODTÜ,0 312 495 3106,https://psteknik.com.tr/index.php,info@psteknik.com,,
Ratio,ODTÜ,,https://www.ratio.energy/,https://www.ratio.energy/submit-your-application,,
Retina Data,ODTÜ,,https://www.retinadata.com/,info@retinadata.com,,
Ritekom,ODTÜ,0 (312) 2858640,https://www.ritekom.com.tr/,info@ritekom.com.tr,,
SDT,ODTÜ,,https://www.sdt.com.tr/tr,hr@sdt.com.tr,,
SimBT,ODTÜ,0 312 210 01 16,https://www.simbt.com.tr/,info@simbt.com.tr,,
Sparse Tech,ODTÜ,0 312 511 22 83,https://www.sparsetechnology.com/,info@sparsetechnology.com,,